model,quantity
005043,3
005044,1
005050,1
005054,2
005088,0
005105,3
005131,0
005133,1
005134,0
005157,1
005188,1
005222,3
005229,2
005278,0
005279,0
005281,0
005287,0
005301,0
005303,0
005340,0
005455,8
005506,0
005568,7
005602,4
005604,4
005605,13
005606,2
005609,0
005644,2
005647,12
005650,4
005690,0
005817,2
005867,0
005871,7
005872,0
005873,2
005875,5
005876,5
005887,6
005889,2
005900,21
005902,0
006002,2
006003,8
006004,0
006009,0
006016,1
006022,2
006038,0
006039,0
006043,1
006044,0
006084,3
006086,1
006095,7
006117,0
006124,0
006125,3
006130,3
006133,0
006147,0
006148,0
006149,0
006150,0
006156,0
006161,0
006187,1
006197,0
006200,2
006201,0
006202,0
006205,1
006209,9
006211,0
006232,1
006238,0
006241,2
006247,0
006252,1
006257,2
006259,0
006260,0
006261,0
006262,0
006268,0
006278,0
006282,1
006294,0
006299,0
006312,0
006318,5
006319,1
006320,3
006321,10
006322,0
006334,0
006336,0
006337,0
006342,0
006347,2
006349,0
006350,0
006351,0
006352,1
006353,0
006358,0
006359,0
006360,0
006361,0
006362,0
006363,0
006364,0
006365,0
006366,0
006367,0
006369,0
006370,0
006371,0
006372,2
006373,4
006374,0
006375,0
006376,0
006377,0
006379,0
006381,0
006382,0
006383,0
006384,0
006385,0
006387,0
006388,0
006389,0
006390,0
006391,1
006392,22
006393,5
006394,20
006395,5
006396,4
006397,9
006398,4
006399,0
006400,0
006401,0
006402,19
006403,2
006404,4
006405,2
006406,5
006407,1
006408,1
006409,5
006410,3
006411,18
006412,17
006413,10
006414,10
006415,20
006416,13
006417,0
006418,2
106612,1
110272,0
117715,0
121510,1
131736,1
133724,0
133805,0
133807,1
133808,0
134600,2
135153,3
135203,0
135791,2
135792,3
136091,1
136205,0
136454,3
136814,0
136815,0
136922,3
137135,0
137201,0
137240,0
137275,0
137413,0
137415,0
137449,0
137715,0
137813,0
138122,0
138464,4
138535,0
138575,4
138582,3
138584,0
138617,0
138618,0
138644,0
138735,0
138771,1
138780,0
138886,5
139006,15
139089,0
139107,0
139158,1
139325,0
139330,0
139410,0
139412,0
139495,0
139519,0
139597,0
139606,3
139615,0
139634,0
139644,1
139681,0
139952,3
139975,2
140038,0
140076,0
140121,2
140317,0
140342,0
140343,0
140352,2
140396,0
140539,1
140704,0
140732,0
140808,2
140868,0
140869,0
140870,2
140888,0
140889,0
140927,0
140955,3
141144,0
141147,4
141199,0
141200,3
141201,0
141203,0
141220,1
141221,1
141227,0
141228,0
141229,0
141230,0
141231,0
141232,0
141259,0
141263,1
141289,0
141308,0
141310,0
141319,0
141322,0
141328,0
141329,0
141353,0
141399,0
141400,0
141408,0
141411,1
141425,0
141427,0
141428,0
141434,0
141435,0
141456,0
141471,0
141508,0
141509,0
141515,0
141524,0
141533,0
141568,0
141594,2
141595,0
141596,0
141631,2
141694,0
141710,0
141711,0
141755,0
141778,0
141865,0
141866,0
141867,0
141868,0
141869,0
141873,0
141883,0
141884,0
141885,0
141886,0
141887,0
141889,0
141890,0
141893,0
141901,0
141930,0
141940,0
141943,0
141960,0
141961,0
141963,0
141965,0
141966,0
141967,0
141968,1
141969,0
141985,3
142068,0
142081,0
142082,0
142134,0
142150,0
142155,0
142158,0
142162,0
142186,0
142212,1
142217,0
142219,0
142220,0
142221,0
142222,0
142224,0
142231,0
142244,0
142245,0
142280,0
142281,0
142288,0
142304,1
142317,0
142324,0
142325,0
142334,0
142336,0
142337,0
142338,1
142354,1
142361,0
142371,1
142374,0
142382,0
142406,0
142442,0
142451,0
142464,1
142540,0
142549,0
142570,3
142582,2
142584,2
142590,0
142591,0
142598,1
142599,3
142601,0
142602,0
142644,0
142645,0
142646,1
142647,0
142648,1
142649,1
142653,1
142654,4
142655,0
142656,0
142657,1
142658,0
142659,4
142660,0
142661,2
142662,1
142663,2
142664,0
142672,0
142673,1
142674,0
142675,1
142676,0
142677,1
142707,0
142714,0
142715,1
142716,0
142717,1
142722,0
142745,1
142746,0
142747,0
142749,0
142750,0
142752,0
142753,0
142755,0
142760,3
142761,3
142763,0
142772,2
142773,1
142774,2
142779,4
142780,3
142783,0
142784,0
142785,3
142786,2
142787,1
142789,1
142790,0
142791,1
142793,3
142794,6
142795,1
142799,1
142800,2
142801,2
142802,5
142803,1
142809,1
142810,3
142811,2
142812,2
142814,0
142815,0
142816,1
142855,1
142880,3
142883,1
142884,2
142886,4
142887,3
142888,1
142889,0
142890,2
142895,1
142896,3
142990,0
142991,0
142992,1
142999,2
143000,3
143027,0
143028,0
143031,1
143038,1
143039,2
143043,2
143044,2
143051,3
143052,2
143053,0
143074,5
143081,14
143104,3
143105,0
143109,2
143200,3
143223,0
143230,0
143232,1
143245,0
143288,0
143289,0
143290,1
143291,0
143295,2
143296,0
143304,0
143372,3
143373,2
143374,2
143375,1
143378,1
143379,0
143380,4
143381,1
143382,0
143397,14
143481,2
143661,2
143663,1
143667,1
143738,1
143739,1
143740,1
150017,2
150018,0
150019,0
150023,0
150024,0
150025,0
150026,0
150028,0
150029,0
150031,0
150032,0
150033,0
150034,0
150035,0
150042,0
150043,0
150045,0
150046,0
150047,0
150048,0
150059,0
150061,0
150062,0
150112,0
201756,1
201788,0
209327,0
209329,0
209330,0
210421,0
210719,0
211537,0
215201,0
215587,0
217745,0
218296,0
218514,4
219371,0
219771,0
219783,1
220125,0
220459,0
220505,0
220688,1
220948,0
220969,0
221170,1
221187,0
221614,0
221722,0
221731,0
221733,3
221734,1
221765,2
221794,1
221795,0
222038,1
222407,0
222448,0
222718,0
222739,0
223263,0
223465,0
223467,0
223518,0
223572,0
223579,7
223598,1
223683,0
223744,0
223843,1
223892,0
224011,0
224109,0
224161,1
224314,7
224433,0
224469,2
224476,0
224660,0
224828,0
224832,0
224856,0
224927,1
224937,0
224944,0
225033,1
225056,0
225060,0
225107,0
225144,0
225151,0
225167,5
225176,0
225221,2
225229,0
225361,0
225371,0
225418,0
225443,0
225460,0
225507,0
225524,0
225580,0
225750,0
225759,0
225782,0
225794,0
225846,0
225908,0
225980,0
225999,0
226009,1
226026,0
226038,0
226059,0
226092,0
226120,0
226127,0
226146,0
226149,6
226209,0
226211,0
226212,0
226317,2
226343,1
226411,0
226422,0
226503,0
226513,0
226516,0
226519,1
226528,0
226564,0
226570,2
226586,1
226594,1
226598,0
226605,0
226611,0
226631,2
226640,0
226642,0
226706,0
226737,0
226749,0
226757,0
226759,0
226775,4
226782,3
226813,0
226826,0
226858,1
226861,0
226862,0
226874,0
226898,0
226911,0
226914,1
226922,0
226923,0
226950,3
226970,0
226984,0
227031,0
227047,0
227063,0
227115,0
227137,0
227140,0
227163,0
227168,0
227224,0
227337,0
227345,0
227461,0
227462,0
227495,0
227500,0
227510,0
227552,0
227580,0
227599,0
227608,0
227639,0
227640,2
227659,2
227660,0
227661,2
227662,3
227692,3
227694,0
227702,4
227704,2
227745,0
227753,0
227790,0
227791,0
227808,0
227844,0
227895,2
227906,3
227939,0
227984,0
227988,1
228011,1
228015,0
228044,0
228064,0
228100,0
228104,0
228135,0
228137,0
228139,0
228147,0
228153,0
228154,0
228163,0
228184,0
228211,0
228229,0
228246,0
228266,0
228292,0
228308,1
228338,0
228341,0
228361,1
228366,1
228404,0
228442,1
228481,1
228482,1
228539,0
228572,0
228594,0
228613,0
228638,0
228670,0
228673,0
228674,0
228681,0
228682,2
228711,0
228712,0
228722,1
228726,0
228734,0
228736,0
228760,0
228761,0
228775,0
228802,0
228808,0
228813,1
228887,0
228914,1
228917,0
228918,0
228924,0
228938,2
228963,0
228966,2
228968,0
228982,1
228999,4
229014,0
229023,0
229055,0
229115,2
229116,0
229119,0
229120,0
229141,0
229144,0
229185,0
229198,0
229234,0
229235,0
229237,0
229238,0
229293,0
229320,0
229322,0
229347,0
229348,0
229350,0
229357,0
229367,0
229386,0
229394,0
229395,0
229401,3
229418,0
229428,0
229437,0
229451,2
229473,1
229477,0
229495,2
229504,1
229512,1
229525,0
229539,0
229551,1
229579,0
229587,0
229593,0
229595,0
229596,0
229597,0
229621,0
229628,0
229630,2
229640,0
229656,1
229665,0
229667,0
229668,0
229677,0
229681,0
229733,0
229742,0
229754,1
229784,0
229785,0
229786,0
229789,0
229801,0
229814,0
229890,0
229932,2
229951,0
229970,2
229994,0
229995,0
230070,2
230088,0
230115,1
230134,1
230139,0
230145,0
230191,1
230192,1
230232,0
230256,0
230265,0
230299,0
230335,0
230336,0
230337,0
230344,0
230350,1
230358,0
230376,0
230404,3
230434,0
230454,0
230465,0
230551,0
230556,0
230573,2
230585,0
230608,0
230614,0
230634,2
230638,0
230645,0
230650,1
230661,0
230665,0
230678,0
230702,2
230738,2
230758,0
230810,0
230813,1
230814,0
230817,0
230823,0
230830,0
230846,0
230873,0
230884,0
230885,0
230900,0
230908,0
230918,2
230937,0
230944,3
230949,0
230959,0
230966,0
230970,1
230974,0
230981,0
231001,0
231019,3
231025,1
231076,0
231094,0
231119,0
231123,2
231133,0
231145,0
231157,1
231185,1
231193,2
231201,0
231210,0
231212,1
231213,1
231244,0
231247,1
231272,0
231275,0
231296,0
231308,0
231318,0
231339,0
231346,0
231356,0
231364,1
231380,0
231385,0
231392,0
231395,0
231402,0
231405,0
231407,0
231408,1
231411,0
231412,0
231435,0
231436,0
231453,0
231458,0
231460,0
231478,0
231481,1
231509,0
231512,0
231517,0
231526,0
231547,4
231574,0
231575,0
231617,0
231620,0
231634,1
231635,0
231636,0
231638,3
231656,0
231657,0
231661,0
231672,2
231678,0
231679,0
231681,1
231689,1
231692,0
231719,0
231724,0
231756,0
231767,0
231779,3
231786,0
231787,0
231791,2
231795,0
231802,0
231815,1
231819,0
231820,0
231821,0
231852,0
231853,0
231854,0
231876,1
231921,0
231926,0
231933,0
231936,0
231948,0
231949,3
231992,0
231995,0
232000,2
232017,0
232022,0
232058,2
232075,2
232082,0
232084,0
232085,0
232086,0
232092,0
232117,0
232121,6
232133,0
232139,0
232189,0
232208,0
232211,6
232220,0
232221,0
232235,0
232237,0
232238,0
232253,2
232255,0
232258,0
232270,0
232271,0
232273,2
232276,2
232277,0
232285,0
232292,1
232295,1
232298,1
232323,2
232324,1
232325,1
232332,0
232349,2
232352,4
232357,0
232368,0
232377,0
232378,1
232380,1
232386,1
232393,3
232408,0
232421,0
232422,0
232435,0
232437,0
232438,0
232439,0
232440,0
232441,2
232443,0
232444,1
232445,1
232450,0
232456,1
232472,4
232473,2
232487,0
232488,0
232489,0
232493,0
232495,4
232496,2
232514,0
232520,0
232524,1
232531,0
232537,1
232538,0
232550,0
232554,0
232560,0
232562,0
232563,2
232567,2
232572,0
232573,0
232582,0
232583,2
232584,0
232585,0
232587,0
232594,0
232598,0
232599,1
232601,0
232603,2
232606,0
232607,1
232617,0
232623,0
232624,2
232625,0
232626,0
232635,0
232636,0
232641,1
232642,1
232646,1
232647,1
232648,0
232649,1
232650,1
232651,2
232661,1
232662,1
232663,4
232664,1
232672,0
232674,0
232684,2
232685,0
232693,1
232695,1
232697,1
232698,1
232699,0
232700,2
232701,0
232702,1
232704,0
232712,0
232716,0
232726,2
232730,1
232735,1
232740,1
232741,0
232743,4
232746,0
232762,1
232763,2
232764,3
232769,0
232770,0
232773,0
232785,0
232797,2
232802,0
232804,0
232810,0
232814,5
232832,0
232837,1
232845,1
232847,0
232858,0
232861,3
232869,1
232870,3
232874,0
232877,0
232884,0
232889,0
232890,1
232898,0
232904,5
232909,0
232915,0
232930,0
232934,0
232938,0
232941,0
232942,0
232943,0
232949,0
232950,0
232952,0
232954,0
232969,0
232972,1
232973,1
232983,1
232986,0
232992,0
232993,0
232994,0
232995,1
232998,1
233002,0
233005,0
233014,1
233016,2
233017,0
233019,0
233033,0
233049,0
233051,3
233057,2
233058,0
233070,0
233071,1
233079,0
233083,1
233084,0
233085,1
233093,0
233104,2
233105,0
233109,4
233116,4
233141,1
233143,0
233144,0
233150,0
233151,0
233167,0
233172,1
233178,3
233179,4
233189,2
233191,0
233202,2
233221,2
233231,0
233244,1
233254,0
233256,0
233281,0
233282,0
233283,1
233284,0
233288,2
233289,1
233290,2
233291,2
233292,1
233298,0
233309,0
233310,0
233311,0
233330,0
233331,0
233334,0
233341,2
233344,0
233352,0
233356,1
233360,2
233364,1
233368,4
233369,0
233374,0
233395,0
233396,1
233397,1
233399,0
233414,2
233421,3
233424,0
233435,0
233445,1
233446,0
233454,0
233464,0
233466,0
233473,2
233474,0
233475,0
233488,0
233493,0
233498,0
233502,0
233503,0
233519,0
233536,0
233538,1
233540,1
233541,2
233581,2
233582,0
233598,0
233619,0
233621,0
233632,0
233640,2
233643,0
233653,1
233661,0
233680,0
233681,1
233688,2
233692,1
233695,0
233698,0
233700,2
233707,0
233719,1
233724,1
233727,1
233732,7
233736,0
233737,1
233738,1
233746,0
233748,0
233752,0
233754,0
233767,0
233774,0
233775,2
233776,0
233777,0
233784,0
233787,0
233791,0
233793,0
233794,1
233802,0
233803,1
233809,1
233810,0
233811,0
233833,0
233835,3
233846,1
233857,0
233859,0
233861,1
233868,4
233875,0
233890,0
233894,0
233904,1
233911,2
233919,0
233936,2
233937,2
233938,0
233942,2
233956,1
233957,2
233960,1
233964,0
233970,2
233973,0
233974,0
233975,0
233978,7
233983,2
233997,0
234005,0
234006,0
234007,0
234024,0
234032,1
234037,1
234038,1
234039,0
234040,0
234054,0
234068,2
234069,2
234070,2
234072,1
234088,1
234090,0
234099,1
234108,0
234116,1
234120,3
234130,1
234162,0
234164,0
234167,0
234171,0
234176,0
234180,2
234202,0
234210,0
234214,1
234217,2
234218,0
234222,0
234224,1
234232,3
234239,0
234247,0
234254,0
234255,0
234262,1
234264,1
234272,0
234273,0
234281,0
234290,0
234314,0
234316,2
234323,1
234325,3
234326,1
234327,1
234328,0
234330,0
234332,2
234334,3
234335,1
234344,0
234355,0
234356,0
234359,0
234361,0
234383,1
234384,0
234385,2
234391,1
234392,1
234395,1
234413,1
234435,1
234439,0
234442,0
234448,0
234453,0
234461,0
234466,3
234470,1
234474,0
234478,1
234480,5
234484,2
234485,0
234493,2
234496,0
234498,0
234502,1
234503,3
234504,0
234505,0
234506,0
234509,0
234513,0
234514,0
234517,7
234529,1
234541,0
234548,1
234550,0
234554,0
234555,0
234581,0
234585,3
234602,2
234617,2
234624,0
234625,3
234627,2
234632,1
234648,0
234664,1
234681,0
234687,0
234690,1
234697,0
234702,4
234706,1
234709,1
234713,1
234716,1
234728,1
234734,0
234735,8
234739,0
234755,1
234756,0
234763,4
234766,1
234780,5
234792,1
234805,0
234814,0
234824,0
234825,0
234832,1
234837,1
234841,0
234847,1
234853,0
234859,0
234860,0
234865,1
234874,0
234877,1
234911,0
234913,0
234914,0
234930,1
234939,4
234953,2
234962,2
234963,5
234964,5
234965,0
234967,0
234973,2
234984,0
234994,1
235000,0
235001,1
235002,1
235011,0
235013,3
235014,4
235018,2
235029,1
235035,1
235039,0
235046,0
235057,0
235080,5
235082,5
235086,0
235087,0
235089,5
235091,5
235092,2
235099,7
235104,0
235107,4
235109,1
235112,0
235113,2
235114,0
235121,0
235135,0
235140,9
235187,0
235201,2
235220,0
235221,3
235222,3
235223,1
235245,3
235248,1
235262,0
235263,1
235269,1
235273,1
235282,1
235299,0
235308,2
235312,0
235351,4
235353,1
235358,1
235359,1
235363,1
235366,1
235368,1
235370,0
235372,1
235391,1
235411,0
235413,0
235445,0
235451,1
235452,1
235456,1
235469,1
235478,0
235510,1
235522,1
235525,0
235543,4
235554,0
235636,2
235644,2
235694,2
235735,2
235811,1
235814,1
300444,0
303952,1
305009,6
305010,0
305011,6
305012,1
305013,3
305023,0
305035,2
305036,0
305185,0
305260,0
305926,0
306475,1
306706,0
306927,0
306928,0
307140,0
307497,1
307905,0
308131,0
308180,1
312382,2
312540,1
312603,0
313241,0
314053,26
314186,0
315298,1
315699,0
315785,26
316034,5
316036,0
316068,0
316103,0
316168,0
316187,1
316504,0
316787,0
316801,0
316814,0
317674,1
317849,0
318207,0
318208,0
318509,0
318648,3
318763,1
318778,3
318828,0
318968,2
319016,1
319142,1
319369,6
319888,0
319892,0
319960,1
320042,0
320295,1
320771,4
320951,0
321013,1
321162,1
321220,0
321254,0
321291,0
321584,0
321624,0
321723,0
321848,5
322075,0
322277,0
322283,2
322336,0
322381,0
322382,2
322419,0
322486,0
322522,5
323038,0
323095,0
323169,0
323180,0
323207,1
323216,0
323240,5
323241,0
323242,3
323349,1
323377,5
323421,0
323447,0
323536,0
323581,0
323607,4
323608,0
323630,0
323639,0
323641,5
323762,0
323794,1
323882,0
323922,0
324133,6
324181,0
324183,0
324214,0
324219,0
324293,0
324306,0
324364,1
324454,0
324511,5
324574,5
324623,0
324674,0
324690,0
324695,0
324716,2
324886,3
324994,0
325051,3
325118,0
325203,1
325457,0
325595,15
325675,0
325694,0
325775,5
325887,2
325926,0
325936,0
325953,2
325964,0
325971,0
326039,0
326091,0
326118,0
326119,0
326186,0
326360,0
326428,0
326440,0
326454,0
326484,3
326678,4
326735,0
326818,0
326943,1
326944,3
326977,0
326997,0
327063,0
327124,0
327129,0
327132,0
327200,0
327203,0
327216,0
327355,0
327598,0
327658,2
327750,0
327796,1
327963,0
328109,0
328193,0
328229,0
328257,0
328373,0
328393,0
328457,0
328495,0
328584,0
328679,0
328716,5
328825,0
328939,0
328984,2
328989,0
329060,1
329089,0
329135,0
329211,0
329218,0
329391,1
329427,0
329461,0
329463,10
329469,0
329479,0
329524,6
329543,1
329545,0
329624,0
329634,0
329635,0
329708,0
329739,0
329799,0
329840,0
329845,0
329887,0
329896,0
329907,1
329925,0
329968,0
329976,1
330006,0
330009,0
330015,0
330030,0
330052,0
330066,0
330109,0
330115,0
330117,1
330135,2
330200,0
330290,0
330310,0
330314,0
330322,1
330323,0
330329,5
330338,0
330339,0
330350,0
330386,0
330407,0
330466,4
330471,3
330472,4
330473,4
330474,0
330475,2
330499,0
330503,0
330506,0
330572,0
330593,1
330608,0
330612,3
330613,0
330614,3
330615,4
330616,2
330617,4
330618,4
330622,0
330625,0
330679,1
330723,6
330733,0
330739,7
330748,0
330779,0
330805,0
330814,0
330819,0
330825,3
330839,0
330840,0
330862,0
330863,0
330865,0
330873,0
330877,0
330917,1
330925,0
330931,0
330932,0
330935,0
330937,0
330964,1
330981,0
330984,0
331009,0
331202,0
331233,6
331234,5
331237,0
331239,0
331242,0
331254,0
331274,2
331276,0
331287,0
331297,5
331309,8
331311,1
331317,0
331344,0
331345,6
331376,0
331377,0
331384,0
331401,0
331403,0
331413,0
331436,8
331451,0
331453,0
331459,1
331482,0
331493,2
331501,0
331502,0
331503,0
331504,0
331505,1
331506,3
331507,4
331511,3
331516,0
331566,3
331575,0
331576,0
331607,0
331611,3
331634,7
331704,2
331715,0
331769,0
331809,0
331886,0
331887,3
331889,0
331890,3
331895,9
331932,0
331992,0
332087,0
332089,4
332145,0
332162,0
332165,0
332181,0
332184,0
332189,0
332279,0
332302,1
332309,0
332310,0
332327,1
332333,0
332338,0
332346,2
332359,0
332364,0
332381,1
332389,0
332398,1
332408,0
332414,0
332415,0
332421,0
332442,2
332467,1
332482,0
332501,0
332523,2
332526,0
332547,0
332552,6
332562,0
332614,1
332637,1
332665,4
332702,2
332770,0
332820,0
332860,0
332862,0
332880,4
332940,0
332967,4
333040,0
333067,0
333087,1
333088,2
333092,0
333093,0
333124,0
333164,0
333165,2
333166,4
333167,2
333171,0
333176,0
333177,1
333184,0
333211,1
333212,1
333213,0
333215,0
333220,2
333221,2
333222,2
333248,0
333263,0
333315,0
333329,0
333330,1
333331,1
333347,1
333348,0
333349,0
333467,0
333491,0
333509,1
333517,0
333547,0
333562,0
333566,1
333596,0
333600,1
333602,0
333672,0
333675,0
333711,4
333716,1
333721,3
333744,0
333750,0
333756,0
333768,1
333800,1
333801,2
333802,3
333803,3
333804,3
333841,6
333842,0
333843,0
333851,5
333854,0
333859,1
333863,0
333872,0
333901,0
333905,4
334020,0
334049,0
334052,20
334087,0
334091,0
334093,1
334178,0
334188,2
334190,4
334238,1
334247,0
334252,5
334253,0
334278,4
334283,0
334289,5
334312,3
334345,0
334352,2
334373,2
334441,0
334451,0
334525,0
334534,2
334535,1
334536,4
334537,0
334541,4
334544,1
334575,0
334593,0
334604,6
334633,5
334638,0
334676,0
334686,0
334715,0
334719,5
334739,0
334748,1
334805,0
334813,2
334838,0
334839,0
334841,0
334867,0
334872,7
334879,7
334899,0
334900,3
334906,0
334914,6
334919,0
334930,4
334931,0
334972,4
334975,0
334996,0
335071,0
335072,0
335075,0
335083,3
335087,4
335098,2
335099,0
335112,0
335116,2
335119,3
335141,2
335161,3
335197,2
335225,0
335233,3
335234,5
335237,0
335249,0
335266,6
335267,0
335278,1
335290,8
335308,0
335323,2
335334,0
335337,0
335395,0
335409,0
335419,0
335444,0
335451,0
335452,0
335474,0
335475,0
335497,0
335498,2
335506,1
335555,4
335562,4
335576,0
335591,0
335610,6
335656,11
335660,0
335667,4
335686,0
335705,0
335730,1
335799,0
335811,0
335823,0
335825,2
335826,1
335827,2
335828,2
335862,2
335889,0
335904,0
335928,0
335941,0
335955,0
335969,0
335993,0
336009,0
336011,0
336066,0
336074,0
336087,0
336111,0
336112,0
336113,0
336114,0
336116,0
336154,0
336164,0
336196,0
336231,0
336254,3
336271,0
336286,1
336306,0
336307,1
336311,0
336314,0
336320,1
336323,0
336332,0
336333,2
336372,0
336376,0
336380,0
336386,0
336394,0
336423,3
336426,0
336449,5
336451,1
336478,0
336490,0
336499,0
336524,2
336586,5
336605,0
336640,0
336647,0
336673,0
336699,0
336752,7
336790,2
336801,0
336807,0
336814,1
336815,2
336862,0
336871,3
336893,0
336929,13
336932,5
336954,0
336956,3
337004,0
337006,8
337038,16
337089,0
337093,0
337162,0
337166,0
337183,3
337184,1
337185,2
337199,3
337209,0
337236,1
337262,0
337302,0
337312,0
337313,0
337316,0
337331,1
337332,0
337333,1
337339,5
337383,4
337392,5
337393,3
337394,0
337410,1
337445,0
337480,0
337492,1
337564,0
337609,6
337610,0
337614,5
337620,0
337623,1
337624,3
337626,3
337646,6
337648,0
337651,0
337663,0
337665,3
337686,0
337689,0
337712,0
337758,0
337762,2
337775,0
337790,0
337800,0
337808,1
337821,6
337827,0
337841,0
337873,1
337886,0
337919,0
337922,3
337932,0
337940,0
337954,0
337986,0
338019,5
338022,0
338103,2
338110,3
338132,0
338133,0
338146,2
338147,0
338164,0
338165,0
338166,0
338167,2
338168,1
338169,1
338176,0
338242,0
338250,0
338252,2
338283,0
338284,0
338302,1
338311,0
338347,7
338382,0
338390,0
338427,4
338433,2
338434,2
338438,0
338445,5
338455,1
338484,0
338521,2
338523,0
338541,3
338554,4
338558,0
338561,0
338562,4
338564,4
338582,0
338587,3
338592,0
338593,1
338606,0
338618,0
338636,0
338661,1
338664,0
338677,10
338693,0
338699,0
338714,0
338715,0
338719,0
338724,2
338736,3
338760,0
338762,4
338765,0
338775,4
338779,3
338782,0
338790,4
338795,0
338800,0
338821,0
338842,0
338843,0
338865,0
338881,0
338904,0
338924,4
338928,1
338935,2
338951,0
338954,1
338955,4
338995,2
339017,0
339049,3
339110,8
339115,0
339126,0
339128,0
339134,7
339159,2
339167,3
339169,0
339174,3
339176,0
339212,0
339217,0
339218,0
339232,0
339243,5
339245,0
339256,1
339257,2
339258,3
339263,2
339264,0
339265,0
339267,1
339272,0
339274,0
339275,8
339296,0
339297,0
339298,0
339300,0
339308,4
339316,0
339326,0
339329,3
339330,4
339346,1
339351,7
339382,1
339383,3
339390,0
339391,6
339408,0
339410,3
339414,5
339426,3
339428,2
339439,12
339442,2
339443,1
339451,0
339465,0
339476,0
339477,1
339484,0
339487,0
339491,2
339506,7
339509,0
339536,0
339541,0
339543,0
339545,12
339562,9
339564,0
339576,6
339591,3
339592,0
339609,4
339614,3
339629,6
339643,6
339653,0
339665,0
339677,2
339697,0
339708,0
339709,3
339735,0
339736,0
339745,2
339748,0
339749,1
339750,2
339759,0
339764,0
339765,0
339772,1
339774,1
339775,1
339786,0
339800,0
339807,0
339813,10
339824,3
339842,2
339889,1
339890,0
339914,0
339924,1
339975,7
340034,2
340036,0
340037,0
340038,0
340042,0
340049,3
340059,0
340068,3
340078,3
340079,1
340126,0
340135,0
340144,7
340152,0
340160,1
340173,0
340179,0
340194,0
340210,0
340215,16
340259,2
340260,0
340261,0
340263,0
340264,0
340270,0
340276,0
340283,2
340289,2
340290,0
340291,1
340292,0
340293,1
340294,1
340295,5
340296,1
340307,0
340311,0
340312,0
340317,0
340318,2
340326,0
340327,0
340333,2
340334,2
340335,1
340338,2
340339,1
340341,2
340361,0
340374,3
340396,2
340411,0
340442,0
340470,2
340479,1
340502,0
340520,1
340523,2
340538,0
340539,0
340541,0
340547,1
340548,5
340551,0
340562,0
340570,6
340578,2
340579,1
340580,3
340581,1
340583,0
340586,0
340587,1
340593,0
340605,0
340606,2
340607,0
340629,0
340634,1
340641,1
340645,2
340656,0
340657,0
340663,1
340675,0
340677,0
340679,2
340699,0
340700,0
340715,0
340721,1
340722,0
340731,0
340738,0
340755,0
340785,0
340811,4
340822,1
340853,0
340854,1
340864,5
340866,0
340868,0
340879,0
340881,0
340883,0
340905,0
340917,0
340918,0
340920,0
340925,0
340926,1
340927,0
340943,0
340978,0
340980,8
340997,1
341002,0
341003,0
341004,1
341005,0
341009,0
341018,1
341020,2
341033,0
341040,1
341041,0
341049,2
341066,2
341067,1
341073,3
341075,4
341080,0
341088,0
341093,0
341115,0
341124,0
341126,0
341127,0
341178,0
341182,0
341183,2
341190,1
341199,0
341207,2
341209,1
341228,1
341249,0
341253,0
341262,4
341266,6
341282,3
341283,0
341311,3
341312,0
341314,0
341321,4
341332,0
341346,0
341355,5
341391,6
341394,1
341398,3
341403,2
341417,6
341490,6
341503,1
341504,0
341507,7
341509,0
341526,0
341563,0
341573,0
341575,0
341583,3
341584,2
341622,5
341634,5
341650,0
341654,3
341655,0
341656,3
341657,3
341672,8
341673,3
341695,0
341761,0
341774,2
341775,4
341776,1
341778,1
341779,2
341780,2
341781,2
341782,2
341788,0
341789,3
341790,4
341791,2
341792,3
341794,0
341795,1
341796,0
341797,0
341798,2
341801,0
341820,2
341824,2
341825,5
341830,4
341831,3
341842,10
341843,7
341844,0
341853,0
341863,1
341871,3
341872,3
341885,8
341888,2
341906,1
341923,0
341924,0
341941,8
341942,7
341973,4
341981,0
341993,1
342015,2
342017,5
342026,6
342035,1
342036,1
342037,4
342038,0
342040,0
342041,2
342042,4
342043,0
342045,5
342046,0
342047,4
342072,0
342074,3
342098,2
342099,2
342131,0
342133,1
342151,5
342160,0
342186,0
342192,0
342193,2
342194,3
342206,0
342220,0
342224,0
342225,0
342278,0
342279,0
342280,1
342281,2
342293,1
342327,0
342328,0
342334,0
342342,0
342379,0
342382,7
342383,0
342412,1
342490,3
342496,5
342497,5
342498,3
342501,5
342502,0
342503,2
342504,2
342505,3
342506,2
342511,4
342512,21
342574,0
342578,1
342580,0
342622,1
342630,0
342631,0
342640,1
342641,5
342651,4
342775,2
342791,1
342793,1
342809,2
342828,3
342833,4
342844,0
342893,2
342916,0
342941,1
342942,1
342971,2
343038,1
343056,0
343059,1
343062,2
343063,1
343064,1
343066,1
343071,2
343080,1
343081,1
343106,2
343108,1
343112,2
343117,4
343127,0
343166,3
343169,1
343277,3
343278,5
343373,0
343412,1
343417,1
343436,1
343451,0
343455,0
343515,0
343525,0
343526,0
343553,0
343581,1
343594,1
343608,0
343624,3
343636,4
343641,2
343656,4
343661,3
343662,2
343663,0
343675,0
343697,1
343698,4
343700,1
343702,2
343703,0
343705,2
343711,0
343712,0
343713,0
343715,10
343716,16
343717,4
343719,0
343731,3
343764,4
343779,2
343786,1
343813,0
343814,6
343830,4
343831,4
343834,0
343842,0
343843,0
343844,3
343906,4
343910,7
343927,12
343940,5
343950,5
343989,0
343990,0
343994,1
343996,0
344001,0
344002,1
344003,6
344023,3
344028,5
344045,1
344052,3
344053,3
344055,23
344076,2
344118,1
344123,5
344127,2
344139,1
344159,1
344166,2
344208,3
344209,3
344228,1
344264,1
344274,1
344299,2
344317,3
344347,5
344354,2
344358,0
344370,0
344384,11
344424,2
344425,9
344435,6
344436,4
344437,1
344438,4
344439,1
344440,2
344506,1
344510,0
344511,3
344512,2
344529,4
344537,1
344635,1
344640,12
344650,5
344658,1
344663,5
344669,0
344708,1
344709,2
344710,3
344752,2
344828,4
344973,2
401390,0
402099,0
403683,0
403742,0
404907,0
405358,0
405480,0
406075,0
406631,0
406837,9
407090,0
407091,0
407094,0
407558,0
407592,0
407811,0
408079,0
408156,0
408254,0
408327,0
408331,0
408441,0
408442,0
408443,0
408444,0
408526,0
408583,0
408784,0
408847,0
408851,0
408867,0
408870,0
408899,0
408909,0
409364,0
409444,0
409559,0
409560,0
409676,0
409736,0
409995,0
409997,0
410105,0
410106,0
410107,0
410108,0
410110,0
410111,0
410198,0
410253,0
410254,0
410255,0
410256,0
410259,0
410260,0
410425,1
410426,1
410465,0
410466,0
410725,0
410728,2
410729,1
410852,0
410857,2
410882,0
411189,0
411401,0
411408,0
411479,0
411507,0
411512,0
411531,0
411537,8
411562,0
411617,0
411658,0
411659,0
411682,7
411686,1
411687,2
411718,1
411723,0
411744,0
411748,2
411784,1
411790,0
411794,0
411813,0
411816,0
411819,0
411823,9
411825,0
411896,0
411907,0
411980,0
411981,0
412008,0
412045,1
412125,0
412186,0
412187,0
412188,0
412189,0
412193,0
412194,0
412202,0
412418,0
412433,0
412446,3
412473,0
412545,0
412550,0
412559,0
412575,3
412576,2
412581,0
412638,4
412645,0
412651,0
412652,0
412687,0
412702,0
412710,3
412721,0
412740,1
412741,1
412764,13
412766,0
412767,0
412774,0
412799,2
412857,0
412858,0
412865,0
412866,0
412879,3
412880,3
412881,0
412882,0
412883,2
412884,2
412885,2
412886,2
412909,3
412910,2
412913,7
412917,0
412920,0
412952,6
412953,6
412954,8
412955,8
412956,2
412957,2
412958,2
412959,2
413038,0
413054,0
413066,0
413067,0
413068,0
413069,0
413070,0
413071,0
413072,0
413073,0
413075,9
413100,0
413101,0
413102,0
413103,0
413129,0
413187,0
413222,0
413223,0
413250,0
413263,0
413264,0
413286,7
413288,0
413292,1
413298,0
413316,0
413326,0
413329,1
413338,3
413340,0
413342,0
413358,0
413368,1
413388,0
413404,0
413405,0
413408,0
413449,0
413450,1
413451,1
413452,0
413453,1
413454,1
413455,0
413456,0
413457,0
413458,0
413461,0
413493,0
413516,0
413517,0
413518,0
413519,0
413520,0
413521,0
413522,0
413523,0
413640,4
413641,5
413670,0
413681,0
413685,0
413708,1
413718,0
413719,0
413735,0
413737,0
413739,0
413741,0
413742,0
413743,0
413746,0
413747,2
413748,2
413797,0
413798,0
413805,1
413806,1
413839,0
413840,0
413842,6
413851,0
413862,0
413863,0
413864,0
413865,0
413866,0
413867,0
413868,0
413869,0
413892,0
413896,0
413897,0
413898,0
413899,0
413964,0
413970,0
413989,0
414003,0
414025,0
414046,1
414075,0
414076,0
414089,0
414100,0
414112,1
414148,2
414159,0
414160,0
414189,0
414196,4
414220,0
414221,0
414250,0
414259,0
414260,0
414261,0
414263,0
414265,0
414268,0
414269,0
414270,0
414271,0
414290,0
414291,0
414292,0
414293,0
414302,0
414303,0
414345,0
414346,0
414368,0
414372,1
414373,1
414382,0
414383,0
414397,3
414398,3
414399,5
414400,0
414401,1
414403,10
414404,10
414459,1
414507,0
414508,0
414510,0
414511,0
414579,1
414598,1
414599,2
414603,2
414634,0
414635,0
414641,1
414642,1
414659,1
414660,1
414661,0
414662,0
414663,0
414664,0
414665,0
414666,0
414673,0
414676,0
414705,4
414708,5
414709,5
414710,2
414711,2
414712,3
414719,0
414724,2
414725,2
414726,2
414727,2
414730,6
414731,6
414732,1
414733,1
414734,0
414735,0
414736,0
414737,0
414751,3
414752,3
414761,3
414762,1
414763,1
414774,1
414791,0
414819,1
414820,1
414829,0
414830,0
414831,0
414832,0
414833,0
414834,0
414850,0
414851,0
414852,0
414853,0
414865,0
414875,0
414921,1
414926,0
414927,0
414928,0
414929,0
414944,0
414960,0
414961,0
414964,0
414965,0
414967,0
414968,0
414969,0
414970,0
414971,0
415007,0
415024,0
415071,0
415081,1
415082,0
415121,1
415131,0
415135,1
415136,1
415137,1
415138,1
415143,1
415144,0
415145,0
415146,0
415150,1
415151,1
415157,1
415158,1
415182,0
415183,0
415184,0
415185,0
415186,0
415187,0
415188,1
415189,1
415223,5
415224,5
415225,5
415226,5
415227,2
415228,2
415229,1
415230,1
415275,0
415294,1
415301,1
415306,0
415307,2
415341,0
415345,0
415365,0
415370,2
415371,2
415372,2
415373,2
415374,1
415375,1
415376,1
415377,1
415389,0
415399,5
415419,15
415420,1
415422,7
415429,0
415430,0
415431,0
415442,0
415443,0
415444,2
415445,2
415446,0
415447,0
415448,0
415449,0
415452,0
415453,0
415458,12
415459,0
415460,0
415461,0
415498,0
415499,0
415523,1
415536,4
415537,4
415540,0
415541,0
415542,0
415543,0
415562,1
415563,1
415576,1
415577,1
415578,1
415579,1
415580,2
415581,2
415610,3
415611,3
415624,7
415636,2
415637,4
415638,2
415639,2
415644,2
415651,1
415652,1
415668,0
415669,0
415688,3
415689,3
415690,2
415735,0
415736,0
415737,0
415739,1
415740,1
415742,4
415743,2
415747,0
415748,0
415749,0
415750,0
415756,0
415760,5
415761,4
415762,3
415773,5
415775,1
415787,0
415788,2
415789,1
415800,0
415828,3
415829,3
415830,2
415831,2
415832,1
415833,1
415834,1
415835,1
415837,1
415838,1
415845,1
415846,1
415881,0
415882,0
415897,4
415898,4
415899,1
415900,1
415901,3
415902,3
415933,0
416094,3
416096,5
416153,2
416183,1
416184,1
416198,2
416199,2
490743,0
569076,1
569077,0
569245,0
569262,0
569263,0
569271,0
569272,1
570039,0
570181,5
570392,2
570393,5
570457,1
570814,0
570882,0
571135,0
571581,0
571635,0
572546,0
573127,0
573271,1
574228,0
574764,0
574996,1
575187,0
575188,0
575423,1
575424,0
575425,6
575791,0
575882,1
575883,0
576116,1
576341,2
576343,0
576462,0
576463,0
576510,0
576511,1
576766,0
576767,3
576891,0
576892,0
576995,0
577064,2
577510,0
577651,0
577652,2
577653,1
577693,0
577841,1
578407,0
578540,0
578541,0
578544,0
578555,0
578557,0
578559,0
578663,0
578861,0
578864,0
578981,0
578983,0
578985,0
578986,0
579011,0
579024,2
579030,0
579157,0
579196,0
579202,0
579319,1
579327,0
579497,0
579580,0
579581,0
579585,1
579586,1
579589,0
579601,0
579602,0
579603,0
579604,0
579618,0
579631,0
579633,0
579634,0
579635,0
579637,0
579647,0
579648,0
579649,0
579652,0
579666,0
579686,0
579714,0
579745,0
579762,3
579764,0
579767,0
579769,0
579804,0
579807,0
579816,0
579818,0
579831,0
579918,0
579920,0
579930,0
579933,0
579936,0
579946,1
579957,0
579961,0
579963,0
579964,1
579967,0
579968,0
579969,0
579971,0
579991,0
580014,0
580033,0
580091,0
580092,0
580094,0
580099,0
580101,0
580103,0
580106,0
580121,1
580122,1
580150,0
580152,1
580153,0
580170,2
580280,0
580293,1
580294,1
580295,2
580296,0
580327,0
580354,0
580356,0
580388,0
580407,0
580422,0
580473,0
580474,0
580485,0
580493,0
580494,0
580495,0
580502,0
580503,0
580504,0
580506,0
580507,0
580525,0
580530,0
580592,0
580601,0
580603,1
580691,0
580693,0
580734,2
580852,1
580872,0
580881,0
580957,0
580958,0
580986,1
580987,1
580988,1
581077,1
581078,1
628850,1
629664,0
631710,0
632065,0
632537,6
632732,3
633749,0
634237,1
634402,1
634668,1
634730,3
634731,1
634948,3
634951,0
634952,4
635439,0
635697,0
635896,0
636098,1
636319,4
636522,3
636720,0
636961,1
636967,1
636993,5
637067,3
637320,2
637591,12
637592,3
638300,5
638460,60
639029,0
639139,0
639347,0
639442,0
639558,0
639587,0
639597,4
639719,0
639837,1
639988,1
640160,1
640436,2
640438,2
640554,2
640699,0
640740,0
641038,0
641310,0
641394,1
641531,1
641826,2
641971,0
642106,0
642454,0
642721,0
642814,0
642815,0
642913,1
643269,0
643287,1
643301,0
643355,0
643364,0
643429,1
643619,0
643620,1
643783,0
643876,1
643912,0
644120,0
644451,0
644797,0
644859,0
644978,0
645142,0
645217,0
645247,0
645403,0
645574,0
645617,0
645651,4
645751,5
645877,0
646104,4
646385,0
646427,1
646761,0
646828,0
646892,0
646914,0
647120,1
647566,0
647571,0
647701,1
647780,1
647886,1
647921,4
648044,0
648220,1
648263,2
648281,1
648367,0
648377,3
648584,0
648769,1
648770,3
648833,1
648836,1
648926,0
648940,0
648946,1
648947,0
648948,1
649026,0
649027,0
649030,0
649327,0
649332,0
649333,1
649383,0
649582,0
649609,0
649706,0
649729,0
649738,12
650330,1
650331,1
650335,0
650377,0
650378,0
650379,0
650434,1
650680,0
650752,0
650755,0
651101,0
651155,0
651169,6
651240,0
651265,0
651345,0
651450,0
651583,0
651741,0
651813,0
651827,3
651889,0
652044,0
652058,1
652078,1
652098,1
652234,0
652237,0
652290,0
652327,0
652377,0
652473,0
652513,0
652524,0
652525,0
652738,0
652763,1
652889,0
652898,2
652905,0
653068,0
653372,0
653455,0
653480,1
653500,9
653521,1
653522,0
653599,0
653603,1
653611,0
653612,0
653618,0
705987,0
706257,1
706278,0
706358,0
706444,0
706445,0
706446,0
706459,1
706475,0
706518,0
706744,0
706780,0
707016,0
707065,0
707066,5
707108,17
707109,2
707110,11
707112,5
707114,5
707122,0
707153,1
707164,0
707241,0
707251,0
707254,0
707272,0
707290,0
707300,0
707323,5
707365,0
707446,1
707453,0
809364,1
810459,4
811781,0
812599,1
812702,1
812779,0
813274,5
813275,4
813441,1
813496,3
813701,0
814116,0
814279,2
814483,0
814807,0
815228,0
815268,7
815323,0
815345,6
815417,0
815843,2
815854,5
815936,0
816063,0
816168,0
816169,2
816175,1
816297,0
816359,2
816432,0
816488,0
816584,0
816615,1
816821,1
816846,0
816927,2
816928,2
816978,1
816982,1
817039,0
817059,0
817160,0
817245,3
817258,27
817275,0
817334,2
817353,16
817432,3
817433,2
817434,1
817504,2
817609,11
817690,3
818202,0
818268,0
818407,0
818720,0
818962,2
819182,2
819359,1
819506,0
819716,0
819756,3
819762,1
820210,0
820239,0
820369,0
820406,0
820493,1
820494,1
870005,0
890005,0
890095,0
900552,0
900813,0
901000,0
901002,0
901003,0
901070,0
901071,0
901072,0
901073,0
901074,0
901075,0
901180,19
901181,30
980002,0
980019,0
980020,0
980021,0
980031,0
991001,0
